{
  "version": 1,
  "author": "ANIELA JOAQUINA UBILLUS PEÑA",
  "editor": "wokwi",
  "parts": [
    { "type": "wokwi-arduino-nano", "id": "nano", "top": 14.4, "left": 153.1, "attrs": {} },
    {
      "type": "wokwi-hx711",
      "id": "cell1",
      "top": -170.2,
      "left": 2.6,
      "attrs": { "type": "5kg" }
    },
    {
      "type": "wokwi-hx711",
      "id": "cell2",
      "top": -170.2,
      "left": 271.4,
      "attrs": { "type": "5kg" }
    }
  ],
  "connections": [
    [ "cell1:GND", "nano:GND.2", "black", [ "h-19.2", "v143.7", "h288" ] ],
    [ "cell2:GND", "nano:GND.2", "black", [ "h-28.8", "v134.1", "h28.8" ] ],
    [ "cell1:VCC", "nano:3.3V", "red", [ "h-28.8", "v211.2", "h201.6" ] ],
    [ "cell2:VCC", "nano:3.3V", "red", [ "h-19.2", "v96", "h76.8", "v115.2", "h-153.6" ] ],
    [ "cell1:SCK", "nano:5", "magenta", [ "h-38.4", "v114.4", "h268.8" ] ],
    [ "cell1:DT", "nano:4", "orange", [ "h-48", "v114.7", "h278.4" ] ],
    [ "cell2:SCK", "nano:7", "magenta", [ "h0" ] ],
    [ "cell2:DT", "nano:6", "orange", [ "h0" ] ]
  ],
  "dependencies": {}
}